adresse;code postal;nom
41 rue Saint Vulfran;80100 ABBEVILLE;DARTY ABBEVILLE
ZAC Agen Sud Centre Commercial du Midi;47000 AGEN;DARTY AGEN
Parc Commercial de la Tremblaye;50180 AGNEAUX;DARTY SAINT LO
787 Route de Nimes;30220 AIGUES-MORTES;DARTY AIGUES MORTES
ZAC de la Pioline Les Milles;13290 AIX EN PROVENCE;DARTY AIX-EN-PROVENCE
Route de Mezzavia CC Mezzavia;20167 AJACCIO;DARTY AJACCIO
57 RUE AMBROISE CROIZAT;73200 ALBERTVILLE;DARTY ALBERTVILLE
ZAC de FONLABOUR;81000 ALBI;DARTY ALBI
Quartier du Mas d'Hours;30100 ALES;DARTY ALES
960 Rue du Maquis Albert De Dion;01500 AMBERIEU EN BUGEY;DARTY AMBERIEU EN BUGEY
8, rue Alberes, lieu dit mas alday;66110 AMELIE LES BAINS PALALDA;DARTY AMELIE-LES-BAINS
Rue Velasquez Centre Commercial Nord;80080 AMIENS;DARTY AMIENS
1522, Avenue dAntibes;45200 AMILLY;DARTY MONTARGIS
ZAC des Pres Parc des expositions;90400 ANDELNANS;DARTY BELFORT
2 rue des Esserts Zone industrielle du Mont Blanc;74100 ANNEMASSE;DARTY ANNEMASSE
Avenue Pre Robert Sud;74200 Anthy sur Leman;DARTY THONON
2140 Route de Grasse;06600 ANTIBES;DARTY ANTIBES
Centre Commercial du Val de Drome - lieu dit Mi Voie - CD93;26400 AOUSTE SUR SYE;DARTY CREST
ZA LE GRAND CHAMP;38140 APPRIEU;DARTY APPRIEU
59 Avenue de Lancon;84400 APT;DARTY APT
903 rue du point B;01100 ARBENT;DARTY OYONNAX
Zone commerciale le petit coudray;72610 ARCONNAY;DARTY ALENCON
les Portes d'Arcueil Centre Commercial regional la vache noire;94110 ARCUEIL;DARTY ARCUEIL
81 rue Hector Berlioz, Route de Caen;61200 ARGENTAN;DARTY ARGENTAN
ZAC FOURCHON SUD- AVENUE DU MARECHAL JUIN;13200 ARLES;DARTY ARLES
Zone Auchan Longuenesse (a cote du CCV et de lIncroyable);62510 ARQUES;DARTY SAINT OMER
104 avenue Winston Churchill;62000 ARRAS;DARTY ARRAS
ZAC de la Martelle ZI Les Paluds;13400 AUBAGNE;DARTY AUBAGNE
Zone artisanale du Moulon - Rue de la Sardonne;07200 AUBENAS;DARTY AUBENAS
6 rue Emile Reynaud;93300 AUBERVILLIERS;DARTY DESTOCKAGE LA VILLETTE
ZAC AUGNY 2000;57685 AUGNY;DARTY AUGNY METZ
Haut de Galy Centre Commercial Parinor;93600 AULNAY-SOUS-BOIS;DARTY PARINOR
ZAC Porte Oceane, 7 rue du Portugal;56400 AURAY;DARTY AURAY
146 Avenue du General Leclerc;15000 AURILLAC;DARTY AURILLAC
74 Avenue Haussmann;89000 AUXERRE;DARTY AUXERRE
160 avenue Marcou Delanglade;84000 Avignon;DARTY AVIGNON SUD
Zone commerciale Chateau Gaillard;35470 BAIN DE BRETAGNE;DARTY BAIN DE BRETAGNE
CENTRE COMMERCIAL LOISIRS;34540 BALARUC LE VIEUX;DARTY BALARUC
Rue de la Tuilerie Porte de Gramont;31130 Balma;DARTY TOULOUSE GRAMONT
315 rue Liberte;76360 BARENTIN;DARTY BARENTIN
42-44 Avenue du Marechal Soult;64100 BAYONNE;DARTY BAYONNE
Centre Commercial Atoll;49070 BEAUCOUZE;DARTY ANGERS
2 avenue Descartes ZAC ST-LAZARE;60000 BEAUVAIS;DARTY BEAUVAIS
Zone artisanale le Gouzet;35137 BEDEE;DARTY MONTFORT SUR MEU
Centre Commercial Les Rives D'Arcins;33130 BEGLES;DARTY BEGLES
ZA de l'Ousson;01300 BELLEY;DARTY BELLEY
97 avenue Paul Doumer (Route de Marmande);24100 BERGERAC;DARTY BERGERAC
24 Rue de la Semaille;27300 BERNAY;DARTY BERNAY
Rue Rene Char ZAC Chateaufarine;25000 BESANCON;DARTY BESANCON 2
3 rue Picardan;34500 BEZIERS;DARTY BEZIERS
61 Rue Jean Jaures;95870 BEZONS;DARTY RETRAIT BEZONS
63 RUE JEAN JAURES;95870 BEZONS;PF BEZONS
742 avenue de Bordeaux;47300 BIAS;DARTY VILLENEUVE SUR LOT
Parc commercial les Portes du Delta, 5 rue Louis Nicolas Robert;33380 BIGANOS;FNAC DARTY BIGANOS
1, AVENUE GEORGES BRASSENS;31700 BLAGNAC;DARTY TOULOUSE BLAGNAC
143-155 avenue Gallieni;93140 BONDY;DARTY BONDY
51 route de Rhinau;67860 BOOFZHEIM;DARTY BOOFZHEIM
1 rue Dugay Trouin;33300 BORDEAUX;DARTY BORDEAUX LE LAC
Parc d'activites du Ponteix;24330 Boulazac Isle Manoire;DARTY PERIGUEUX
122 Avenue du General Leclerc;92100 BOULOGNE BILLANCOURT;DARTY BOULOGNE
27 Boulevard Irene Joliot Curie;01000 BOURG-EN-BRESSE;DARTY BOURG-EN-BRESSE
73 rue Isaac Asimov;38300 BOURGOIN JALLIEU;DARTY BOURGOIN JALLIEU
"Lieu-dit ""Touche Saint Porchaire"" Lotissement ""La Triche""";79300 BRESSUIRE;DARTY BRESSUIRE
Route de Gouesnou Rond Point de l'Hermitage;29200 BREST;DARTY BREST
Avenue Pierre Mendes-France ZAC du Mazaud;19100 BRIVE LA GAILLARDE;DARTY BRIVE
rue Paul Langevin;69500 BRON;DARTY BRON CHAMP DU PONT
Parc de la Porte Nord;62700 Bruay La Buissiere;DARTY LABUISSIERE
Zone des Closeaux Lieu dit les Petits Graviers;78200 BUCHELAY;DARTY MANTES
Rue Dessirier ZA Les rives de la Bievre;57400 BUHL-LORRAINE;DARTY SARREBOURG
Plan de Campagne Centre Commercial Barneoud;13480 CABRIES;DARTY PLAN DE CAMPAGNE
332 Route de Toulouse;46000 CAHORS;DARTY CAHORS
10 chemin Petit Centre Commercial Caluire II;69300 Caluire Et Cuire;DARTY CALUIRE
90 Rue d'Antibes;06400 CANNES;DARTY CANNES II CENTRE VILLE
ZAC Salvaza Rond point de l'autoroute;11000 CARCASSONNE;DARTY CARCASSONNE
211 Route de Villasavary CC O'Castel;11400 CASTELNAUDARY;DARTY CASTELNAUDARY
12 rue Albert Calmette;81100 CASTRES;DARTY CASTRES
Centre Commercial des 3 Fontaines;95000 CERGY;DARTY CERGY
Espace commercial Les Alizes - Rue Albert Camus;85300 CHALLANS;DARTY CHALLANS
Rue Thomas Dumorey;71100 CHALON-SUR-SAONE;DARTY CHALON
250 Rue Eugene Ducretet Centre Commercial Chamnord;73000 Chambery;DARTY CHAMBERY 2
11 rue Philippe Maupas;37170 CHAMBRAY-LES-TOURS;DARTY TOURS SUD
Rue Voltaire;02000 CHAMBRY;DARTY LAON
Rue Baronne Delort;39300 CHAMPAGNOLE;DARTY CHAMPAGNOLE
Allee de Coat A Noz;35135 CHANTEPIE;DARTY CHANTEPIE
4, place de l'Europe;94220 Charenton-le-Pont;DARTY BERCY
Rue Paulin Richier ZAC du Bois Fortant La Croisette;08000 CHARLEVILLE-MEZIERES;DARTY CHARLEVILLE MEZIERES
Avenue des Sablons;28000 CHARTRES;DARTY CHARTRES
14 allee du Haut-Poitou;86360 CHASSENEUIL DU POITOU;DARTY POITIERS
Rue Pierre Latecoere Parc du Fief du Roy;16100 CHATEAUBERNARD;DARTY COGNAC
Centre Commercial Vent d'Ouest, Rue du general PATTON;44110 CHATEAUBRIANT;DARTY CHATEAUBRIANT
"Lieu-dit ""Les Nouvelles Garennes"" Ancienne RN 10";28200 CHATEAUDUN;DARTY CHATEAUDUN
2 allee d'Argenson;86100 CHATELLERAULT;DARTY CHATELLERAULT
151 avenue de Paris;92320 CHATILLON;DARTY CHATILLON
1235, ZI La Gloriette;38160 CHATTE;DARTY SAINT-MARCELLIN
Av. de Pince Vent /Av. de l'Hippodrome;94430 CHENNEVIERES-SUR-MARNE;DARTY ORMESSON
7 Rue Sorel-Tracy Centre Commercial l'Autre Faubourg;49300 CHOLET;DARTY CHOLET
Les arcades de Claira;66530 CLAIRA;DARTY CLAIRA II
Centre Commercial Regional RN 3;77410 CLAYE-SOUILLY;DARTY CLAYE-SOUILLY
Rue de l'Hermitage Zone La Pardieu;63000 CLERMONT-FERRAND;DARTY CLERMONT-FERRAND
3 Rue de la Clairette, PAE de la Vallee de L'herault;34800 CLERMONT L'HERAULT;DARTY CLERMONT L'HERAULT
59 rue Marceau;83310 cogolin;DARTY COGOLIN
Rue des Freres Lumiere;78310 Coignieres;DARTY COIGNIERES
Centre Commercial Bay 2;77090 COLLEGIEN;DARTY TORCY
2 rue Curie;68000 COLMAR;DARTY COLMAR
2 Rue Rene Madec - ZA de Keramperu;29900 CONCARNEAU;DARTY CONCARNEAU
Centre Commercial Cite Europe;62231 Coquelles;DARTY CALAIS
Les Parques Zone Commerciale;51350 CORMONTREUIL;DARTY REIMS CORMONTREUIL
3 rue des Margats;77120 COULOMMIERS;DARTY COULOMMIERS
65 B, avenue de la Division Leclerc;50200 Coutances;DARTY COUTANCES
Rue du Beaujolais;71680 CRECHES-SUR-SAONE;DARTY MACON
Centre Commercial Creteil Soleil;94000 CRETEIL;DARTY CRETEIL
Centre Commercial Villiers en Biere;77190 DAMMARIE-LES-LYS;DARTY VILLIERS EN BIERE
740 Route de Lyon ZI La Lombardiere;07430 davezieux;DARTY DAVEZIEUX
route de Paris, 1 rue Truffaut;14800 DEAUVILLE;DARTY DEAUVILLE
ZAC du Luc;59187 DECHY;DARTY DOUAI DECHY
125 Av des canadiens Centre commercial Le Belvedere;76200 DIEPPE;DARTY DIEPPE
Quartier de Pouilly Centre Commercial la Toison d'Or;21000 DIJON;DARTY DIJON TOISON D'OR
CC ZAC du Champs Blanchard, rue de l'europe;49400 DISTRE;DARTY SAUMUR
Rue Leon Bel - Zone Commerciale Les Epenottes;39100 DOLE;DARTY DOLE
15 rue Pomone ZAC de la Gouille des sauges;25300 DOUBS;DARTY PONTARLIER
35 BOULEVARD GENERAL LECLERC;83300 DRAGUIGNAN;DARTY DRAGUIGNAN
Rue Henry Potez Zone Artisanale Nord Champtier du Colombier;28100 Dreux;DARTY DREUX
2 impasse du Rocher - ZAC de Comboire;38130 ECHIROLLES;DARTY COMBOIRE
ZAC Eurotransit Garolor rue Alexandre Borrely;57365 ENNERY;PF ENNERY
42 rue des Peupliers;74330 Epagny Metz Tassy;DARTY ANNECY
ZAC des Terres Saint Jean;88000 EPINAL;DARTY EPINAL
Zac des landes, Avenue du Cagire;31800 ESTANCARBON;DARTY SAINT GAUDENS
ZAC du Bois Bourdon Rue des Epinants;91150 ETAMPES;DARTY ETAMPES
Centre Commercial Forum de Picardie N 4;02100 FAYET;DARTY SAINT-QUENTIN
ZAC de Frocourt Parc Commercial Cora Houdemont;54710 FLEVILLE DEVANT NANCY;DARTY NANCY FLEVILLE
Rue Louis Auber;85200 FONTENAY-LE-COMTE;DARTY FONTENAY LE COMTE
ZI Carrefour de l'Europe RN 3;57600 FORBACH;DARTY FORBACH
14 allee de l'Abreuvoir;94260 FRESNES;DARTY FRESNES
"45 Avenue Bernard GIVAUDAN - Lieu Dit ""LAGAY""";05000 GAP;DARTY GAP
106 avenue du Vieux Chemin de Saint Denis;92230 GENNEVILLIERS;DARTY GENNEVILLIERS
Centre Commercial 75 Rte des Vertes Campagnes;01170 GEX;DARTY GEX
Rue du Faubourg de Neaufles CC Les Templiers;27140 GISORS;DARTY GISORS
Centre Commercial 2 Vallees;69700 GIVORS;DARTY GIVORS
1235 route de Villedieu Zone du Taillais;50400 GRANVILLE;DARTY GRANVILLE
174 Route de Cannes;06130 GRASSE;DARTY GRASSE
57 avenue de l'Europe;23000 GUERET;DARTY GUERET
Boulevard Peripherique;27930 GUICHAINVILLE;DARTY EVREUX
Centre Commercial Englos;59320 HAUBOURDIN;DARTY ENGLOS
Route de Metz - Zac d'Haudainville;55100 HAUDAINVILLE;DARTY VERDUN
Parc d'Activite de la Creule;59190 HAZEBROUCK;DARTY HAZEBROUCK
ZAC du bord des Eaux;62110 HENIN BEAUMONT;DARTY HENIN BEAUMONT
65 avenue des Sports;44410 HERBIGNAC;DARTY HERBIGNAC
9 mail des Copistes ZAC des copistes;95220 HERBLAY;DARTY HERBLAY
ZA La Pyreneenne;65420 IBOS;DARTY TARBES
14 avenue Pierre Mendes France;63500 ISSOIRE;DARTY ISSOIRE
Avenue des Freres Renault Centre Commercial Auchan;72650 LA CHAPELLE ST AUBIN;DARTY LE MANS
281 rue Emile Bodin Centre commercial Ciotat Park;13600 La Ciotat;DARTY LA CIOTAT
Centre Commercial Chante Merle Tuilerie rue de la couronne;16400 LA COURONNE;DARTY ANGOULEME
Espace du Lac, Avenue Jean Monnet;72400 LA FERTE BERNARD;DARTY LA FERTE BERNARD
Parc d'Activite de la Monnerie - allee Gabares;72200 LA FLECHE;DARTY LA FLECHE
RD 1082;42480 LA FOUILLOUSE;DARTY ST ETIENNE LA FOUILLOUSE
Rue du parc d'Activites;50470 La Glacerie;DARTY CHERBOURG
ZAC du Carrousel - Route de Lessay;50250 La Haye;DARTY LA HAYE-DU-PUITS
Route de Brumath;67450 LAMPERTHEIM;DARTY STRASBOURG LAMPERTHEIM
220 rue Youri Gagarine Zone Commerciale GEANT;56600 LANESTER;DARTY LORIENT
Centre commercial de Moleon;33210 LANGON;DARTY LANGON
3 rue des Grignons Zone Commerciale Carrefour;22360 LANGUEUX;DARTY SAINT-BRIEUC
Centre commercial les Flaneries;85000 LA ROCHE SUR YON;DARTY LA ROCHE SUR YON
68 rue Lagrua;33260 LA TESTE DE BUCH;DARTY ARCACHON LA TESTE
28 rue du Petit Montron Parc de lHabitat;53000 LAVAL;DARTY LAVAL
23, avenue des Freres Lumiere;83160 La Valette Du Var;DARTY TOULON
18 avenue de la resistance;54520 LAXOU;DARTY LAXOU
Av Charles de Gaulle Centre Commercial Parly 2;78150 LE CHESNAY;DARTY PARLY 2
ZAC de la Pilais;35133 LECOUSSE;DARTY FOUGERES
Avenue Emile Basly;76120 LE GRAND QUEVILLY;PF ROUEN GRAND QUEVILLY
41 avenue du President Coty;76600 LE HAVRE;DARTY LE HAVRE
1 ROUTE DE PARIS;60330 LE PLESSIS-BELLEVILLE;PF PLESSIS-BELLEVILLE
123 avenue Isaac Newton;84130 LE PONTET;DARTY AVIGNON LE PONTET
5, rue du Pre Malenpogne - Zone Artisanal du Poull'GO;44510 LE POULIGUEN;DARTY LE POULIGUEN
Avenue Jean Jaures;64230 LESCAR;DARTY PAU
Avenue de la Tibourgere;85500 LES HERBIERS;DARTY LES HERBIERS
Centre Commercial Ulis 2;91940 LES ULIS;DARTY LES ULIS
Boulevard de Tournai, Centre Commercial Heron Parc;59260 LEZENNES;DARTY VILLENEUVE D'ASCQ
Route de Castillon, Avenue du general de Gaulle;33500 LIBOURNE;DARTY LIBOURNE
Centre Commercial Carre Senart 3 allee du Preambule;77127 LIEUSAINT;DARTY CARRE SENART
Rue du Sec Arembault;59000 LILLE;DARTY LILLE
Family village 30 rue amedee Gordini Zone nord 3;87280 LIMOGES;DARTY LIMOGES
Rue de sans soucis;69760 LIMONEST;DARTY DESTOCKAGE LYON
Rue de sans soucis;69760 LIMONEST;DARTY LIMONEST
2 rue des Mathurins;14100 LISIEUX;DARTY LISIEUX
Centre commercial le Grand Val;95290 L'ISLE ADAM;DARTY L'ISLE ADAM
Rue Jules Gallois Centre Commercial;59720 LOUVROIL;DARTY MAUBEUGE
"Avenue du Marechal Juin - ""La Ferme Neuve""";85400 LUCON;DARTY LUCON
14 RUE DES PLATANES ZI DES CLOYES;70200 LURE;DARTY LURE
Centre Commercial La Part Dieu - 3eme niveau;69003 LYON;DARTY LA PART DIEU
Rue Jean de la Fontaine Centre Commercial carre;42300 MABLY;DARTY ROANNE
Allee Louis Bleriot Parc d'activites de l'Echangeur;06210 Mandelieu La Napoule;DARTY CANNES MANDELIEU
131 Avenue Lyautey - Parc d'activite la provencale;06210 MANDELIEU LA NAPOULE;DARTY CANNES CUISINE
702 AVENUE DU MOULIN NEUF ZI SAINT JOSEPH;04100 MANOSQUE;DARTY MANOSQUE
RN113 Avenue Francois Mitterand;47200 MARMANDE;DARTY MARMANDE
26 avenue Jules Cantini;13006 MARSEILLE;DARTY MARSEILLE CANTINI
Route de la Sabliere Centre Commercial Valentine;13011 MARSEILLE;DARTY MARSEILLE LA VALENTINE
9 Quai du LAZARET;13002 MARSEILLE;DARTY MARSEILLE - LES TERRASSES DU PORT
Route de Fourchambault Centre Commercial CARREFOUR;58180 MARZY;DARTY NEVERS
CC SUP 2000, Rue Henri Pourrat;15200 MAURIAC;DARTY MAURIAC
Route de Bray, RD 329, Centre Commercial Bellevue;80300 MEAULTE;DARTY ALBERT-MEAULTE
Pole d'Activites Kervidanou 3;29300 MELLAC;DARTY QUIMPERLE
ZAC de Ramilles - Chemin de Ramilles;48000 MENDE;DARTY MENDE
Centre Commercial Merignac Soleil;33700 MERIGNAC;DARTY MERIGNAC
CC La Capelle Guibert - 49 rue du Rajol;12100 MILLAU;DARTY MILLAU
705 rue de la Megere Parc Commercial du Chasselas;82200 MOISSAC;DARTY MOISSAC
Route de Paris - N13;14120 MONDEVILLE;DARTY CAEN MONDEVILLE
915 route du Nord Parc Commercial d'Aussonne;82000 MONTAUBAN;DARTY MONTAUBAN
Zac du Pied des Gouttes 2 rue Jean-Baptiste Pertois;25200 MONTBELIARD;DARTY MONTBELIARD
ZA des Granges 4 allee Jean 1er du Forez;42600 MONTBRISON;DARTY MONTBRISON
Centre commercial Ste-Elisabeth;71300 MONTCEAU-LES-MINES;DARTY MONTCEAU-LES-MINES
Route de Marseille Centre Commercial Soleil Levant;26200 MONTELIMAR;DARTY MONTELIMAR
rue du Clos Rose Zone Commerciale Clos du Chene;77144 MONTEVRAIN;DARTY LE CLOS DU CHENE
Centre commercial Grand Havre - La lezarde;76290 MONTIVILLIERS;DARTY LE HAVRE - MONTIVILLIERS
15 rue Albert Einstein;03100 MONTLUCON;DARTY MONTLUCON
Zone commercial la Saline Arc en sel - Rue de la Valliere;39570 MONTMOROT;DARTY LONS LE SAUNIER
Centre commercial Odysseum;34000 Montpellier;DARTY MONTPELLIER ODYSSEUM
51 rue de Montlhery;91390 MORSANG SUR ORGE;DARTY MORSANG
Centre Commercial Rue du Bief;25500 MORTEAU;DARTY MORTEAU
261 Rue de Belfort LE TRIDENT;68200 MULHOUSE;DARTY MULHOUSE DORNACH
Zone Commerciale Espace Littoral;56190 MUZILLAC;DARTY MUZILLAC
18 Rue POLLET;11100 NARBONNE;DARTY NARBONNE
Lieu dit guillemes bas, route de Bordeaux;47600 NERAC;DARTY NERAC
2 Rue la Grande Flandre;76270 NEUFCHATEL EN BRAY;DARTY NEUFCHATEL EN BRAY
"Centre commercial ""Promenade de Flandres""";59960 NEUVILLE-EN-FERRAIN;DARTY RONCQ
822 Route d'Annecy;74160 NEYDENS;DARTY SAINT JULIEN EN GENEVOIS
604 Route de Grenoble RN 202 Forum Lingostiere;06200 NICE;DARTY NICE LINGOSTIERE
28 avenue Notre-Dame;06000 NICE;DARTY NICE NORD NOTRE DAME
PARC D'ACTIVITES LOGISTIQUES Zone 7;06200 Nice Saint Isidore;PF NICE SAINT ISIDORE
80 Rue du Pere BROTTIER;30900 NIMES;DARTY NIMES
Espace Mendes France, 9 rue Robert Turgot;79000 NIORT;DARTY NIORT
234 Boulevard du Mont d'Est;93160 NOISY-LE-GRAND;DARTY MARNE-LA-VALLEE
25 Rue de Guyenne ZAC Les Provinces;45160 OLIVET;DARTY OLIVET
Quartier Quiez;83190 OLLIOULES;DARTY OLLIOULES
15 Rue du Compagnonnage;85340 Olonne sur Mer;DARTY LES SABLES D'OLONNE
Lot C La Gravette, 6 rue Frederic Aries;64400 OLORON SAINTE MARIE;DARTY OLORON SAINTE MARIE
Pole Commercial Le Comtal Sud;12850 ONET LE CHATEAU;DARTY RODEZ
Zone Commerciale des Soarns;64300 ORTHEZ;DARTY ORTHEZ
242 route de Vannes;44700 ORVAULT;DARTY NANTES
ZA Le Village - RN 4;67700 Otterswiller;DARTY SAVERNE
ZAC du Chandelet - Avenue de la Bouriette;09100 PAMIERS;DARTY PAMIERS
12 rue Linois;75015 PARIS;DARTY BEAUGRENELLE
25 boulevard de Belleville;75011 PARIS;DARTY BELLEVILLE
29 Rue Neuve Tolbiac;75013 PARIS;DARTY BIBLIOTHEQUE NATIONALE DE FRANCE
Place de la Madeleine parking tronchet;75008 PARIS;DARTY LA MADELEINE
2 porte Pont-Neuf;75001 PARIS;DARTY LES HALLES
56 boulevard de Rochechouart;75018 PARIS;DARTY MONTMARTRE
68 avenue du Maine;75014 PARIS;DARTY MONTPARNASSE
21 cours de Vincennes;75020 PARIS;DARTY NATION
92 Avenue Paul Doumer;75016 PARIS;DARTY PASSY
1 avenue de la Republique;75011 PARIS;DARTY REPUBLIQUE
125 Avenue de Saint Ouen;75017 PARIS;DARTY SAINT OUEN
8 avenue des Ternes;75017 PARIS;DARTY TERNES
Centre Commercial LECLERC - Boulevard de l'Europe;79200 PARTHENAY;DARTY PARTHENAY
Parc de Choisy, RN 85;04200 PEIPIN;DARTY SISTERON PEIPIN
avenue Georges Freche;34470 PEROLS;DARTY MONTPELLIER PEROLS
925 Avenue d'Espagne;66100 PERPIGNAN;DARTY PERPIGNAN
Centre Commercial Auchan;59494 PETITE-FORET;DARTY VALENCIENNES
Rue Flora Tristan,ZAC de Senives;45300 Pithiviers;DARTY PITHIVIERS
Zone Commerciale Grand Plaisir Rue Francis Carco;78370 PLAISIR;DARTY PLAISIR
Rue de la Moricais;56800 Ploermel;DARTY PLOERMEL
Allee du Breuil CC le Breuil;54700 Pont-a-Mousson;DARTY PONT A MOUSSON
Rue de St Ulfrant;27500 PONT-AUDEMER;DARTY PONT-AUDEMER
Rue Monthety;77340 PONTAULT-COMBAULT;DARTY PONTAULT-COMBAULT
5, rue Mathurin Onno;56300 PONTIVY;DARTY PONTIVY
"route de Plomeur, parking ""Les Briconautes""";29120 PONT L'ABBE;DARTY PONT L'ABBE
Zone Commerciale les Gentelleries, route de Nantes;44210 PORNIC;DARTY PORNIC
RN 20 - 1 avenue des Palanques;31120 PORTET SUR GARONNE;DARTY PORTET
La Riviere de Meymes;46220 PRAYSSAC;DARTY PRAYSSAC
Avenue Marc Seguin;07000 PRIVAS;DARTY PRIVAS
ZAC du Faubourg de Paris, rue Rene Descartes;59267 PROVILLE;DARTY CAMBRAI
Quartier Les Salles Centre commercial RN 7;83480 PUGET-SUR-ARGENS;DARTY PUGET/ARGENS
3 rue de Belgique;17138 PUILBOREAU;DARTY LA ROCHELLE
2 Parvis de la Defense Centre Commercial des 4 Temps;92800 PUTEAUX;DARTY LA DEFENSE
13C Boulevard du Grand Marche;21800 QUETIGNY;DARTY QUETIGNY
ZAC des Vignes - Rue de Guinefort;22100 Quevert;DARTY DINAN
5 rue de Gourvily ZAC de Gourvily;29000 QUIMPER;DARTY QUIMPER
rue Gustave Eiffel- Centre commercial Bel Air;78120 RAMBOUILLET;DARTY RAMBOUILLET
CC Intermarche, CD 917 Route de Berck;62180 RANG-DU-FLIERS;DARTY RANG DU FLIERS
7 avenue Jean Baptiste Lelievre;35600 REDON;DARTY REDON
83 Avenue de Clermont;63200 RIOM;DARTY RIOM
CC des Quatr'Anes zone de Villeneuve Montigny;17300 ROCHEFORT;DARTY ROCHEFORT
ZONE DE MONTPLAIN;15100 ROFFIAC;DARTY SAINT FLOUR
Avenue du General de Gaulle Centre Commercial Rosny 2;93110 ROSNY-SOUS-BOIS;DARTY ROSNY
16 Avenue des Drapeaux, Chemin Croix Vautier;14740 Rots;DARTY CAEN ROTS
33 Rue Jeanne d'Arc;76000 Rouen;DARTY ROUEN RIVE DROITE
47 avenue de Caen;76100 ROUEN;DARTY ROUEN RIVE GAUCHE
78 RUE DE LA MARTINIERE RN 512;73230 Saint Alban Leysse;DARTY CHAMBERY 1
Zone Parc d'Aquitaine, 240 Avenue Boucicaut, lot 11;33240 SAINT ANDRE DE CUBZAC;DARTY SAINT ANDRE DE CUBZAC
Av Robert Schumann ZAC des Perruches;95350 SAINT BRICE SOUS FORET;DARTY SAINT BRICE
2 Rue de la Gaillarde, ZAC La Gaillarde;89100 SAINT CLEMENT;DARTY SENS
ZAC d'Hellieule 5 Rue Marcel Mauss;88100 SAINT DIE DES VOSGES;DARTY SAINT DIE DES VOSGES
4 Rue des Petits Champs;91700 Sainte-Genevieve-des-Bois;DARTY SAINTE GENEVIEVE DES BOIS
30 RUE DU BREUIL;17220 SAINTE SOULLE USSEAU;PF SAINTE SOULLE
140 RUE DE LA MONTAT Centre Commercial de Monthieu;42000 SAINT ETIENNE;DARTY ST-ETIENNE MONTHIEU
18 rue des Plaines;17810 SAINT-GEORGES-DES-COTEAUX;DARTY SAINTES
992 bd de la Prairie, Espace 23 Nord;44150 SAINT-GEREON;DARTY ANCENIS
Rue France III Zone de la Sacristinerie;17400 SAINT JEAN D'ANGELY;DARTY SAINT JEAN D'ANGELY
17 rue de la Batardiere;45140 SAINT JEAN DE LA RUELLE;PF ORLEANS SAINT JEAN DE LA RUELLE
Les Voiles de Saint Leonard, 1820 Route du Havre;76400 SAINT LEONARD;DARTY FECAMP A SAINT LEONARD
Avenue de la Flaudais Centre Commercial La Madeleine;35400 Saint-Malo;DARTY SAINT MALO
Rue des Chaumes;27950 SAINT MARCEL;DARTY VERNON A SAINT MARCEL
ZAC MontJoie;62280 Saint Martin Boulogne;DARTY BOULOGNE SUR MER
Rue Kerelisa;29600 Saint Martin des Champs;DARTY MORLAIX
Av Occitanie Zone Commerciale St Maur Cap Sud;36250 SAINT-MAUR;DARTY CHATEAUROUX
Rue de la liberte ZAC du Bois des Fenetres;60740 SAINT-MAXIMIN;DARTY CREIL
Avenue du President Roosevelt Zone Mercuria;51470 SAINT MEMMIE;DARTY CHALONS
ZAC des Etangs rue des Roseaux;13920 Saint Mitre Les Remparts;DARTY MARTIGUES - SAINT MITRE LES REMPARTS
Centre Commercial Grand Mail 2, 980 boulevard Saint Vincent de Paul;40990 Saint Paul les Dax;DARTY DAX
CENTRE COMMERCIAL LE GRAND MOUN;40280 SAINT PIERRE DU MONT;DARTY MONT DE MARSAN
211 Route de Grenoble;69800 SAINT-PRIEST;DARTY SAINT-PRIEST MI PLAINE
Zone commerciale de Keringant;22700 SAINT-QUAY-PERROS;DARTY LANNION
ZA Les Rives du Lac, Rue du Pont de Bois;29290 SAINT RENAN;DARTY SAINT RENAN
5 bis rue de Walt Disney Centre Commercial St Seb' Boulevard;44230 SAINT SEBASTIEN SUR LOIRE;DARTY NANTES ST-SEBASTIEN
1, lieu dit le Hameau de la Riviere;14400 SAINT VIGOR LE GRAND;DARTY BAYEUX
165 route Nationale 7;38150 SALAISE SUR SANNE;DARTY SALAISE SUR SANNE
95 rue de verdun CC LE Warens;74700 SALLANCHES;DARTY SALLANCHES
RN20 Rue de la Tuilerie;45770 Saran;DARTY SARAN
Route Abbe Breuil CC Carrefour;24200 SARLAT LA CANEDA;DARTY SARLAT
2 Rue du Marechal Kellermann ZAC Neunkirch;57200 SARREGUEMINES;DARTY SARREGUEMINES
Rue Jean-Pierre Timbaud Zone Commerciale du Plateau;78500 SARTROUVILLE;DARTY SARTROUVILLE
3 Place de Geisselbronn,;67590 SCHWEIGHOUSE SUR MODER;DARTY HAGUENAU
Autoroute A4 Zone Euromoselle;57280 SEMECOURT;DARTY SEMECOURT
7 avenue Charles de Refuge;10120 ST ANDRE LES VERGERS;DARTY TROYES
Centre Commercial Trifontaine Lotissement les cedres;34980 ST-CLEMENT-DE-RIVIERE;DARTY MONTPELLIER SAINT CLEMENT
565 Route de la Charite;18390 St Germain du Puy;DARTY BOURGES
Route de Saint-Malo ZAC de l'Auge de Pierre;35760 ST-GREGOIRE;DARTY RENNES
Rue du 8 mai 1945 - Zone commercale du Parquet;73300 St Jean de Maurienne;DARTY SAINT JEAN DE MAURIENNE
Lieu dit Les Glairons ZAC des champs roman;38400 ST-MARTIN-D'HERES;DARTY ST MARTIN D'HERES
261, avenue des 5 Ponts, Parc d'activites du chemin d'Aix;83470 ST MAXIMIN LA SAINTE BAUME;DARTY ST MAXIMIN LA SAINTE BAUME
24 Place des Halles Centre Commercial;67000 Strasbourg;DARTY STRASBOURG LES HALLES
329 avenue de Colmar;67100 STRASBOURG;DARTY STRASBOURG LA MEINAU
1 rue de la scierie;94370 SUCY EN BRIE;DARTY RETRAIT SUCY
Rue du Linkling;57180 Terville;DARTY THIONVILLE
Centre Commercial Belle Epine;94320 THIAIS;DARTY RUNGIS
29 Avenue Leo Lagrange;63300 THIERS;DARTY THIERS
150 Avenue Emile Zola;79100 THOUARS;DARTY THOUARS
8 Place Esquirol;31000 TOULOUSE;DARTY TOULOUSE ESQUIROL
Centre Commercial de la Petite Arche;37100 TOURS;DARTY TOURS NORD
ZAC DU CLOS DES ANTES;76410 TOURVILLE LA RIVIERE;DARTY TOURVILLE
ZAC de la Fontaine au Brun Centre Commercial Trignac;44570 TRIGNAC;DARTY ST-NAZAIRE
Parc d'Activite Citea, Avenue de Ventadour;19000 TULLE;DARTY TULLE
1200 Route de Remoulins LD Pont des Charettes;30700 UZES;DARTY UZES
6 place Pierre Lubat Les couleures 3;26000 VALENCE;DARTY VALENCE
""" ESPACE CHIREL"" ZAC OUEST ""LES PORTES OCCITANES""";43750 VALS PRES LE PUY;DARTY LE PUY EN VELAY
Rue Theophraste Renaudot ZAC de Kerlann;56000 VANNES;DARTY VANNES
7, avenue charles de refuge, Parc Commercial des Portes de Soissons;02200 VAUXBUIN;DARTY SOISSONS
5 rue Jacques Yves Cousteau, Centre Commercial Val Lumiere;17640 VAUX-SUR-MER;DARTY ROYAN
Centre Commercial;62880 VENDIN-LE-VIEIL;DARTY LENS
ZI Nord - Rue Albert Thomas;41100 VENDOME;DARTY VENDOME
6 Avenue de l'Europe Centre Commercial Venette;60280 Venette;DARTY COMPIEGNE
Allee des Savoies;69200 VENISSIEUX;DARTY VENISSIEUX
Rue Robert Fontesse - ZI Espace de la Motte;70000 VESOUL;DARTY VESOUL
3 rue jean Jaures;03200 VICHY;DARTY VICHY
16, avenue du 19 Mars 1962;18100 VIERZON;DARTY VIERZON
3, Rue de la Plaine - Z.A.C. des Brateaux;91100 VILLABE;DARTY VILLABE
Avenue de la Plesse Centre Commercial Villebon 2;91140 VILLEBON SUR YVETTE;DARTY VILLEBON
451 Avenue de l'Europe;69400 Villefranche sur Saone;DARTY VILLEFRANCHE SUR SAONE
Centre Commercial WHITE PARC;78670 VILLENNES SUR SEINE;DARTY ORGEVAL-VILLENNES SUR SEINE
364 rue Lavoisier;41350 VINEUIL;DARTY BLOIS
